"","Number","Name","Nation","Pos","Club","Age","Born","MP","Starts","Min","90s","Gls","Ast","PK","CrdY","CrdR","xG","npxG","xA","Note"
"1",1,"Issah Abbas","GHA","WB","Mainz",22,1998,2,0,18,0.2,0,0,0,0,0,0,0,0,NA
"2",2,"David Abraham","ARG","CB","Eintracht",34,1986,14,14,1222,13.6,1,0,0,5,1,0.7,0.7,0.5,3.32
"3",3,"Amir Abrashi","ALB","DM","Freiburg",30,1990,5,0,60,0.7,0,0,0,0,0,0,0,0,NA
"4",4,"Ragnar Ache","GER","FW","Eintracht",22,1998,2,0,36,0.4,0,0,0,0,0,0,0,0,NA
"5",5,"Tyler Adams","USA","DM","Leipzig",21,1999,15,11,1051,11.7,1,0,0,2,0,0.5,0.5,0.3,3.5
"6",6,"Sargis Adamyan","ARM","W","Hoffenheim",27,1993,9,0,154,1.7,1,2,0,0,0,1.1,1.1,0.4,NA
"7",7,"Felix Agu","GER","WB","Werder",21,1999,7,4,365,4.1,1,0,0,0,0,0.6,0.6,0.2,NA
"8",8,"Manuel Akanji","SUI","CB","Dortmund",25,1995,17,16,1475,16.4,2,0,0,2,0,1.5,1.5,0.1,3.5
"9",9,"Kevin Akpoguma","NGA","CB","Hoffenheim",25,1995,13,11,942,10.5,0,0,0,1,0,0,0,0.4,3.6
"10",10,"David Alaba","AUT","CB","Bayern",28,1992,18,17,1542,17.1,2,0,0,1,0,0.3,0.3,0.4,3.38
"11",11,"Lucas Alario","ARG","FW","Leverkusen",28,1992,16,8,826,9.2,8,1,2,2,0,4.8,3.3,0.3,NA
"12",12,"Omar Alderete","PAR","CB","Hertha",24,1996,10,10,884,9.8,0,0,0,1,0,0.5,0.5,0.1,3.85
"13",13,"Nadiem Amiri","GER","CM","Leverkusen",24,1996,17,14,1272,14.1,2,6,0,2,0,1.2,1.2,2.2,3.57
"14",14,"Sebastian Andersson","SWE","FW","Koeln",29,1991,10,9,737,8.2,2,0,1,0,0,3.3,2.6,0.3,NA
"15",15,"Robert Andrich","GER","CM","Union",26,1994,16,16,1356,15.1,4,1,0,2,1,1.5,1.5,1.4,3.09
"16",16,"Angelino","ESP","WB","Leipzig",24,1997,18,18,1610,17.9,4,2,0,2,0,3.4,3.4,3.9,2.83
"17",17,"Waldemar Anton","GER","CB","Stuttgart",24,1996,16,15,1361,15.1,0,1,0,2,0,0.9,0.9,0.4,3.43
"18",18,"Charles Aránguiz","CHI","CM","Leverkusen",31,1989,8,7,567,6.3,0,0,0,2,0,0.4,0.4,0.1,NA
"19",19,"Santiago Arias","COL","FB","Leverkusen",29,1992,1,1,90,1,0,0,0,0,0,0,0,0,NA
"20",20,"Maximilian Arnold","GER","CM","Wolfsburg",26,1994,16,16,1361,15.1,2,4,0,4,1,1.1,1.1,2.2,3.06
"21",21,"Toluwalas Arokodare","NGA","FW","Koeln",20,2000,7,0,77,0.9,0,0,0,0,0,0.2,0.2,0,NA
"22",22,"Santiago Ascacíbar","ARG","DM","Hertha",23,1997,1,1,88,1,0,0,0,0,0,0,0,0,NA
"23",23,"Ludwig Augustinsson","SWE","FB","Werder",26,1994,13,12,1110,12.3,0,4,0,4,0,0.5,0.5,2,3.27
"24",24,"Taiwo Awoniyi","NGA","FW","Union",23,1997,17,14,1134,12.6,5,2,0,0,0,5.4,5.4,1.2,3.36
"25",25,"Leon Bailey","JAM","W","Leverkusen",23,1997,18,16,1384,15.4,4,5,0,4,0,3.7,3.7,2.6,3.28
"26",26,"Ridle Baku","GER","WB","Wolfsburg",22,1998,17,16,1385,15.4,3,2,0,0,0,0.9,0.9,2.4,3.28
"27",26,"Ridle Baku","GER","FB","Mainz",22,1998,2,2,180,2,0,0,0,0,0,0,0,0,3.28
"28",27,"Aymen Barkok","MAR","AM","Eintracht",22,1998,17,7,699,7.8,2,3,0,5,0,1.4,1.4,2.5,3.5
"29",28,"Leandro Barreiro Martins","LUX","CM","Mainz",21,2000,14,12,1056,11.7,1,1,0,1,0,0.6,0.6,0.9,3.83
"30",29,"Jacob Barrett Laursen","DEN","FB","Arminia",26,1994,9,7,653,7.3,0,1,0,1,0,0,0,1.2,NA
"31",30,"Oliver Baumann","GER","GK","Hoffenheim",30,1990,18,18,1620,18,0,0,0,1,0,0,0,0,2.86
"32",31,"Julian Baumgartlinger","AUT","DM","Leverkusen",33,1988,16,12,1070,11.9,2,0,0,1,0,1.4,1.4,0.3,3
"33",32,"Christoph Baumgartner","AUT","CM","Hoffenheim",21,1999,18,16,1382,15.4,3,3,0,4,0,3.3,3.3,2.1,3.12
"34",33,"Noah Joel Sarenren Bazee","NGA","W","Augsburg",24,1996,3,0,34,0.4,0,1,0,1,0,0,0,0.7,NA
"35",34,"Ihlas Bebou","TOG","FW","Hoffenheim",26,1994,17,10,976,10.8,3,4,0,2,0,2.9,2.9,2.6,3.29
"36",35,"Sheraldo Becker","NED","W","Union",25,1995,16,15,1072,11.9,3,2,0,2,0,2,2,2.8,3.43
"37",36,"Timo Becker","GER","FB","Schalke",23,1997,7,5,495,5.5,0,0,0,0,0,0.1,0.1,0.1,NA
"38",37,"Brian Behrendt","GER","CB","Arminia",29,1991,3,0,79,0.9,0,0,0,0,0,0,0,0,NA
"39",38,"Maximilian Beier","GER","FW","Hoffenheim",18,2002,2,0,2,0,0,0,0,0,0,0,0,0,NA
"40",39,"Ishak Belfodil","ALG","FW","Hoffenheim",29,1992,12,6,489,5.4,0,1,0,0,0,1.3,1.3,1,NA
"41",40,"Stefan Bell","GER","CB","Mainz",29,1991,4,4,327,3.6,0,1,0,1,0,0.1,0.1,0.8,NA
"42",41,"Karim Bellarabi","GER","W","Leverkusen",30,1990,14,3,431,4.8,0,0,0,2,0,0.9,0.9,0.8,NA
"43",42,"Jude Bellingham"," ENG","CM","Dortmund",17,2003,15,9,759,8.4,0,2,0,0,0,1.5,1.5,2.2,3.1
"44",43,"Lars Bender","GER","FB","Leverkusen",31,1989,13,12,934,10.4,0,2,0,2,0,0.5,0.5,0.5,3.25
"45",44,"Sven Bender","GER","CB","Leverkusen",31,1989,8,8,620,6.9,0,0,0,1,0,0,0,0.3,NA
"46",45,"László Bénes","SVK","AM","Moenchengladbach",23,1997,7,1,150,1.7,0,1,0,0,0,0.1,0.1,0.4,NA
"47",46,"Ramy Bensebaini","ALG","FB","Moenchengladbach",25,1995,12,9,846,9.4,1,0,0,3,0,0.9,0.9,0.3,NA
"48",47,"Nabil Bentaleb","ALG","CM","Schalke",26,1994,7,5,450,5,0,0,0,1,0,0,0,0.1,NA
"49",48,"Bartosz Bialek","POL","FW","Wolfsburg",19,2001,10,1,175,1.9,2,0,0,0,0,1.9,1.9,0.2,NA
"50",49,"Ermin Bièakèiæ","BIH","CB","Hoffenheim",31,1990,2,2,128,1.4,1,0,0,1,0,0.4,0.4,0,NA
"51",50,"Leonardo Bittencourt","GER","W","Werder",27,1993,16,13,1038,11.5,4,1,1,2,0,4.1,3.3,0.7,3.79
"52",51,"Jérôme Boateng","GER","CB","Bayern",32,1988,17,17,1412,15.7,1,1,0,4,0,0.2,0.2,0.4,3.26
"53",52,"Jean-Paul Boëtius","NED","W","Mainz",26,1994,17,15,1270,14.1,0,2,0,3,0,1,1,3.4,4.2
"54",53,"Melayro Bogarde","NED","CB","Hoffenheim",18,2002,6,2,266,3,0,0,0,1,0,0.1,0.1,0.1,NA
"55",54,"Dennis Borkowski","GER","CM","Leipzig",19,2002,2,0,11,0.1,0,0,0,0,0,0,0,0,NA
"56",55,"Sebastiaan Bornauw","BEL","CB","Koeln",21,1999,17,17,1530,17,0,1,0,2,0,1,1,0,NA
"57",56,"Nassim Boujellab","MAR","AM","Schalke",21,1999,9,5,481,5.3,1,0,0,2,0,1.3,1.3,0.2,NA
"58",57,"Dedryck Boyata","BEL","CB","Hertha",30,1990,13,13,1153,12.8,0,0,0,1,0,0.4,0.4,0.7,3.19
"59",58,"Can Bozdogan","GER","AM","Schalke",19,2001,9,2,405,4.5,0,0,0,0,0,0.3,0.3,0.1,NA
"60",59,"Julian Brandt","GER","CM","Dortmund",24,1996,18,10,936,10.4,1,1,0,0,0,2,2,2.1,4
"61",60,"Josip Brekalo","CRO","FW","Wolfsburg",22,1998,18,15,1195,13.3,2,1,0,1,0,2,2,2,3.63
"62",61,"Joshua Brenet","NED","FB","Hoffenheim",26,1994,1,0,1,0,0,0,0,0,0,0,0,0,NA
"63",62,"John Brooks","USA","CB","Wolfsburg",28,1993,18,17,1548,17.2,2,0,0,3,0,0.6,0.6,0.3,3.15
"64",63,"Daniel Brosinski","GER","FB","Mainz",32,1988,12,12,1010,11.2,1,1,1,0,0,1,0.3,1.3,4.08
"65",64,"Cédric Brunner","SUI","FB","Arminia",26,1994,17,16,1449,16.1,0,1,0,3,0,0.2,0.2,0.5,3.82
"66",65,"Jacob Bruun Larsen","DEN","W","Hoffenheim",22,1998,2,1,89,1,0,0,0,0,0,0,0,0,NA
"67",66,"Marius Bülter","GER","W","Union",27,1993,16,5,599,6.7,1,0,0,1,0,1.4,1.4,0.9,NA
"68",67,"Jonathan Burkardt","GER","FW","Mainz",20,2000,17,9,848,9.4,1,0,0,0,0,3.1,3.1,0.7,3.77
"69",68,"Roman Bürki","SUI","GK","Dortmund",30,1990,16,16,1440,16,0,0,0,0,0,0,0,0,3.12
"70",69,"Daniel Caligiuri","ITA","W","Augsburg",33,1988,19,19,1672,18.6,4,2,0,4,0,1.7,1.7,2.3,3.55
"71",70,"Emre Can","GER","CB","Dortmund",27,1994,14,11,1010,11.2,1,2,0,5,0,0.6,0.6,1.8,3.5
"72",71,"Koen Casteels","BEL","GK","Wolfsburg",28,1992,18,18,1620,18,0,0,0,0,0,0,0,0,2.83
"73",72,"Gonzalo Castro","GER","CM","Stuttgart",33,1987,17,16,1154,12.8,3,1,0,5,0,2.9,2.9,2,3.37
"74",73,"Sava Cestic","GER","CB","Koeln",19,2001,7,7,569,6.3,0,0,0,2,0,0.1,0.1,0,NA
"75",74,"Timothy Chandler","USA","FB","Eintracht",30,1990,5,0,66,0.7,0,0,0,0,0,0.2,0.2,0,NA
"76",75,"Kwon Chang-hoon","KOR","W","Freiburg",26,1994,8,1,181,2,0,0,0,2,0,0.1,0.1,0,NA
"77",76,"Tahith Chong","NED","W","Werder",21,1999,13,4,386,4.3,0,1,0,1,0,0.3,0.3,0.5,NA
"78",77,"Darko Churlinov","MKD","WB","Stuttgart",20,2000,5,0,60,0.7,0,0,0,0,0,0,0,0,NA
"79",78,"Tim Civeja","GER","DM","Augsburg",19,2002,2,0,20,0.2,0,0,0,0,0,0,0,0,NA
"80",79,"Kingsley Coman","FRA","W","Bayern",24,1996,15,12,943,10.5,2,9,0,1,0,2,2,4.5,2.83
"81",80,"Jhon Córdoba","COL","FW","Hertha",27,1993,12,10,896,10,5,0,0,3,0,4.6,4.6,1.3,3.64
"82",81,"Sergio Córdova","VEN","W","Arminia",23,1997,16,11,887,9.9,2,1,0,0,0,2.3,2.3,1.1,3.91
"83",82,"Danny da Costa","GER","WB","Mainz",27,1993,2,2,180,2,0,1,0,1,0,0,0,0.2,NA
"84",82,"Danny da Costa","GER","WB","Eintracht",27,1993,6,1,110,1.2,0,0,0,0,0,0.2,0.2,0,NA
"85",83,"Douglas Costa","BRA","W","Bayern",30,1990,10,3,302,3.4,1,1,0,0,0,0.1,0.1,0.7,NA
"86",84,"Tanguy Coulibaly","FRA","WB","Stuttgart",19,2001,18,10,832,9.2,2,0,0,0,0,1.9,1.9,1.5,3.42
"87",85,"Mickaël Cuisance","FRA","CM","Bayern",21,1999,1,0,18,0.2,0,0,0,0,0,0,0,0,NA
"88",86,"Matheus Cunha","BRA","FW","Hertha",21,1999,17,16,1415,15.7,6,3,2,7,0,5.5,3.2,3.1,3.41
"89",87,"Rafael Czichos","GER","CB","Koeln",30,1990,14,13,1055,11.7,1,0,0,3,0,1,1,0,3.77
"90",88,"Moanes Dabour","ISR","FW","Hoffenheim",28,1992,15,9,759,8.4,2,0,0,0,0,4.1,3.4,0.7,NA
"91",89,"Finn Dahmen","GER","GK","Mainz",22,1998,1,1,90,1,0,0,0,0,0,0,0,0,NA
"92",90,"Mahmoud Dahoud","GER","CM","Dortmund",25,1996,6,4,265,2.9,0,0,0,0,0,0.1,0.1,0.2,NA
"93",91,"Leon Dajaku","GER","W","Union",19,2001,2,0,37,0.4,0,0,0,0,0,0,0,0,NA
"94",92,"Márton Dárdai","GER","CB","Hertha",18,2002,2,0,17,0.2,0,0,0,0,0,0,0,0,NA
"95",93,"Vladimír Darida","CZE","CM","Hertha",30,1990,18,17,1343,14.9,0,5,0,1,0,0.6,0.6,3,3.76
"96",94,"Alphonso Davies","CAN","FB","Bayern",20,2000,11,10,788,8.8,0,0,0,1,0,0,0,0.4,NA
"97",95,"Thomas Delaney","DEN","DM","Dortmund",29,1991,10,7,682,7.6,1,0,0,5,0,0.3,0.3,0.2,NA
"98",96,"Kerem Demirbay","GER","CM","Leverkusen",27,1993,15,8,785,8.7,1,1,0,2,0,0.5,0.5,1.4,NA
"99",97,"Ermedin Demiroviæ","BIH","FW","Freiburg",22,1998,16,9,673,7.5,3,5,0,2,0,1.8,1.8,2.1,NA
"100",98,"Emmanuel Dennis","NGA","FW","Koeln",23,1997,1,1,81,0.9,0,0,0,0,0,0.1,0.1,0.1,NA
"101",99,"Mike van der Hoorn","NED","CB","Arminia",28,1992,16,14,1251,13.9,0,0,0,3,0,0.3,0.3,0.1,3.71
"102",100,"Moussa Diaby","FRA","W","Leverkusen",21,1999,19,19,1603,17.8,3,4,0,4,0,3.2,3.2,3.9,3.71
"103",101,"Daniel Didavi","GER","AM","Stuttgart",30,1990,13,8,691,7.7,2,3,0,2,0,2.5,2.5,2.3,NA
"104",102,"Javairô Dilrosun","NED","W","Hertha",22,1998,7,2,273,3,0,1,0,0,0,0.1,0.1,0.3,NA
"105",103,"Eren Dinkci","GER","FW","Werder",19,NA,1,0,6,0.1,1,0,0,0,0,0.3,0.3,0,NA
"106",104,"Ritsu Doan","JPN","W","Arminia",22,1998,19,19,1615,17.9,3,2,0,1,0,2.6,2.6,1.9,3.39
"107",105,"Ji Dong-won","KOR","FW","Mainz",29,1991,6,0,62,0.7,0,0,0,1,0,0,0,0,NA
"108",106,"Bas Dost","NED","FW","Eintracht",31,1989,12,9,817,9.1,4,2,1,3,0,4.3,3.5,2.3,NA
"109",107,"Aleksandar Dragoviæ","AUT","CB","Leverkusen",29,1991,12,7,700,7.8,1,0,0,3,0,0.2,0.2,0.4,NA
"110",108,"Dominick Drexler","GER","AM","Koeln",30,1990,15,7,754,8.4,2,1,0,0,0,1.9,1.9,0.7,4.25
"111",109,"Ondrej Duda","SVK","AM","Koeln",26,1994,18,18,1418,15.8,2,2,0,6,1,1.3,1.3,2.2,3.81
"112",110,"Erik Durm","GER","WB","Eintracht",28,1992,10,10,824,9.2,0,1,0,1,0,1.1,1.1,1.7,3.7
"113",111,"Johannes Eggestein","GER","W","Werder",22,1998,2,0,33,0.4,0,0,0,0,0,0,0,0,NA
"114",112,"Maximilian Eggestein","GER","CM","Werder",24,1996,19,19,1710,19,2,2,0,3,0,0.8,0.8,0.9,3.63
"115",113,"Lilian Egloff","GER","CM","Stuttgart",18,2002,2,0,16,0.2,0,0,0,0,0,0,0,0,NA
"116",114,"Kingsley Ehizibue","NED","WB","Koeln",25,1995,11,7,534,5.9,0,1,0,3,0,0.3,0.3,0.6,NA
"117",115,"Nico Elvedi","SUI","CB","Moenchengladbach",24,1996,17,17,1485,16.5,3,0,0,0,0,1.6,1.6,0,3.44
"118",116,"Breel Embolo","SUI","FW","Moenchengladbach",23,1997,16,12,970,10.8,3,0,0,3,0,5.3,5.3,0.5,3.67
"119",117,"Keita Endo","JPN","W","Union",23,1997,7,1,104,1.2,1,0,0,0,0,0.6,0.6,0,NA
"120",118,"Wataru Endo","JPN","DM","Stuttgart",27,1993,19,19,1709,19,0,1,0,3,0,0.5,0.5,1.6,2.95
"121",119,"Patrick Erras","GER","CM","Werder",26,1995,2,0,22,0.2,0,0,0,0,0,0,0,0,NA
"122",120,"Ralf Fährmann","GER","GK","Schalke",32,1988,12,12,1035,11.5,0,0,0,2,0,0,0,0,3.25
"123",121,"Ohis Felix Uduokhai","GER","CB","Augsburg",23,1997,19,19,1710,19,1,0,0,3,0,0.8,0.8,0,3.5
"124",122,"Edimilson Fernandes","SUI","DM","Mainz",24,1996,12,9,776,8.6,0,0,0,1,0,0.4,0.4,0.8,3.7
"125",123,"Alfred Finnbogason","ISL","FW","Augsburg",32,1989,12,3,416,4.6,0,1,0,0,0,2.2,1.5,1,NA
"126",124,"Emil Forsberg","SWE","AM","Leipzig",29,1991,18,12,940,10.4,4,3,1,0,0,3.5,2,3.1,3.03
"127",125,"Philipp Förster","GER","W","Stuttgart",26,1995,10,4,437,4.9,1,0,0,1,0,2.2,2.2,0.9,NA
"128",126,"Timothy Fosu-Mensah","NED","FB","Leverkusen",23,1998,2,1,125,1.4,0,0,0,0,0,0,0,0,NA
"129",127,"Raphael Framberger","GER","FB","Augsburg",25,1995,11,10,820,9.1,0,1,0,4,1,0,0,1.3,4.05
"130",128,"Marco Friedl","AUT","CB","Werder",22,1998,19,19,1710,19,0,0,0,2,0,0.1,0.1,0.3,3.47
"131",129,"Marvin Friedrich","GER","CB","Union",25,1995,19,19,1710,19,4,0,0,1,0,1,1,0.4,2.84
"132",130,"Niclas Füllkrug","GER","FW","Werder",27,1993,7,4,306,3.4,4,0,2,0,0,3,1.5,0.1,NA
"133",131,"Mijat Gaæinoviæ","SRB","CM","Hoffenheim",25,1995,17,6,639,7.1,0,2,0,3,0,1.4,1.4,1.5,NA
"134",132,"Christian Gebauer","AUT","W","Arminia",27,1993,10,3,359,4,0,0,0,0,0,0.6,0.6,0.2,NA
"135",133,"Theodor Gebre Selassie","CZE","FB","Werder",34,1986,19,19,1710,19,1,1,0,1,0,0.6,0.6,0.4,3.71
"136",134,"Dennis Geiger","GER","CM","Hoffenheim",22,1998,9,9,658,7.3,1,1,0,4,1,0.3,0.3,1.7,NA
"137",135,"Christian Gentner","GER","CM","Union",35,1985,9,5,362,4,0,0,0,0,0,0.1,0.1,0.9,NA
"138",136,"Yannick Gerhardt","GER","CM","Wolfsburg",26,1994,14,8,830,9.2,1,2,0,2,0,2.6,2.6,2.2,NA
"139",137,"Hamadi Al Ghaddioui","MAR","FW","Stuttgart",30,1990,3,0,21,0.2,0,0,0,0,0,0,0,0,NA
"140",138,"Niko Gießelmann","GER","WB","Union",29,1991,9,2,237,2.6,0,0,0,2,0,0,0,0.1,NA
"141",139,"Rafa³ Gikiewicz","POL","GK","Augsburg",33,1987,19,19,1710,19,0,0,0,0,0,0,0,0,2.79
"142",140,"Daniel Ginczek","GER","FW","Wolfsburg",29,1991,6,1,145,1.6,0,0,0,0,0,0.4,0.4,0.1,NA
"143",141,"Matthias Ginter","GER","CB","Moenchengladbach",27,1994,19,19,1710,19,1,1,0,2,0,1.3,1.3,1.6,2.84
"144",142,"Serge Gnabry","GER","W","Bayern",25,1995,17,15,1163,12.9,5,0,0,4,0,5.2,5.2,2.9,3.29
"145",143,"Akaki Gogia","GER","W","Union",29,1992,7,0,140,1.6,0,1,0,1,0,0.1,0.1,0.4,NA
"146",144,"Nicolás González","ARG","FW","Stuttgart",22,1998,13,9,868,9.6,6,2,3,5,0,8.1,5.2,1.8,3.05
"147",145,"Leon Goretzka","GER","CM","Bayern",25,1995,15,12,1146,12.7,2,2,0,1,0,2.8,2.8,0.9,2.87
"148",146,"Jeffrey Gouweleeuw","NED","CB","Augsburg",29,1991,18,18,1620,18,1,0,0,5,0,0.2,0.2,0.1,3.67
"149",147,"Michael Gregoritsch","AUT","FW","Augsburg",26,1994,17,9,754,8.4,1,2,0,1,0,1,1,0.9,3.9
"150",148,"Sebastian Griesbeck","GER","CM","Union",30,1990,16,7,726,8.1,0,0,0,3,0,0.4,0.4,0,NA
"151",149,"Vincenzo Grifo","ITA","W","Freiburg",27,1993,19,17,1422,15.8,7,4,3,1,0,5.4,3.1,3.3,3.14
"152",150,"Florian Grillitsch","AUT","CM","Hoffenheim",25,1995,11,8,633,7,2,0,0,3,1,1.4,1.4,1,NA
"153",151,"Christian Groß","GER","DM","Werder",31,1989,13,10,883,9.8,0,1,0,4,0,0.2,0.2,0.5,3.75
"154",152,"Ilia Gruev","BUL","FW","Werder",20,2000,1,0,1,0,0,0,0,0,0,0,0,0,NA
"155",153,"Carlos Gruezo","ECU","DM","Augsburg",25,1995,18,16,1389,15.4,0,0,0,3,0,0.2,0.2,0.5,3.97
"156",154,"Mattéo Guendouzi","FRA","CM","Hertha",21,1999,14,13,1202,13.4,2,0,0,3,0,0.6,0.6,0.3,3.54
"157",155,"Raphaël Guerreiro","POR","WB","Dortmund",27,1993,16,14,1235,13.7,2,7,0,1,0,2.1,2.1,4.4,3.36
"158",156,"Josuha Guilavogui","FRA","DM","Wolfsburg",30,1990,11,6,551,6.1,0,0,0,2,0,0.1,0.1,0.1,NA
"159",157,"Péter Gulácsi","HUN","GK","Leipzig",30,1990,19,19,1710,19,0,0,0,0,0,0,0,0,3
"160",158,"Manuel Gulde","GER","CB","Freiburg",29,1991,15,13,1112,12.4,1,0,0,2,0,0.9,0.9,0,3.35
"161",159,"Robert Gumny","POL","FB","Augsburg",22,1998,11,4,417,4.6,0,0,0,2,0,0.2,0.2,0,NA
"162",160,"Christian Günter","GER","WB","Freiburg",27,1993,19,19,1710,19,0,2,0,0,0,0.5,0.5,3.2,3.24
"163",161,"Janik Haberer","GER","CM","Freiburg",26,1994,4,2,175,1.9,0,0,0,0,0,0.2,0.2,0,NA
"164",162,"Alexander Hack","GER","CB","Mainz",27,1993,12,11,984,10.9,1,0,0,1,0,0.2,0.2,0.4,3.68
"165",163,"André Hahn","GER","W","Augsburg",30,1990,15,11,874,9.7,4,1,0,1,0,2.3,2.3,0.4,3.77
"166",164,"Amadou Haidara","MLI","DM","Leipzig",23,1998,17,12,1024,11.4,1,1,0,2,0,2.7,2.7,1,3.38
"167",165,"Erling Haaland","NOR","FW","Dortmund",20,2000,14,13,1181,13.1,14,2,1,2,0,11.6,10,2.6,2.82
"168",166,"Marcel Halstenberg","GER","CB","Leipzig",29,1991,13,11,955,10.6,2,1,1,2,0,1.3,0.5,0.5,3.33
"169",167,"Amine Harit","MAR","AM","Schalke",23,1997,14,12,953,10.6,1,5,0,2,0,0.5,0.5,3.2,4.54
"170",168,"Marcel Hartel","GER","CM","Arminia",25,1996,19,19,1596,17.7,0,0,0,1,0,0.9,0.9,1.1,4.18
"171",169,"Makoto Hasebe","JPN","DM","Eintracht",37,1984,15,15,1276,14.2,0,0,0,4,0,0.2,0.2,0,3.27
"172",170,"Thorgan Hazard","BEL","FW","Dortmund",27,1993,5,2,165,1.8,1,0,0,0,0,0.3,0.3,0,NA
"173",171,"Jonas Hector","GER","CM","Koeln",30,1990,9,6,513,5.7,0,0,0,2,0,0.3,0.3,0.2,NA
"174",172,"Hwang Hee-chan","KOR","W","Leipzig",25,1996,7,0,142,1.6,0,0,0,1,0,0.4,0.4,0,NA
"175",173,"Dominique Heintz","GER","CB","Freiburg",27,1993,11,8,743,8.3,0,0,0,1,0,0.2,0.2,0.1,NA
"176",174,"Benjamin Henrichs","GER","FB","Leipzig",23,1997,7,3,348,3.9,0,0,0,1,0,0.1,0.1,0.2,NA
"177",175,"Lucas Hernández","FRA","CB","Bayern",24,1996,11,9,789,8.8,0,1,0,1,0,0.7,0.7,0.4,NA
"178",176,"Patrick Herrmann","GER","W","Moenchengladbach",29,1991,18,8,742,8.2,0,2,0,2,0,2.4,2.4,1.2,NA
"179",177,"Martin Hinteregger","AUT","CB","Eintracht",28,1992,19,19,1672,18.6,1,1,0,1,0,1,1,0.4,3.37
"180",178,"Marwin Hitz","SUI","GK","Dortmund",33,1987,3,3,270,3,0,0,0,0,0,0,0,0,NA
"181",179,"Nicolas Höfler","GER","DM","Freiburg",30,1990,18,17,1559,17.3,1,2,0,5,0,0.8,0.8,0.9,3.69
"182",180,"Jonas Hofmann","GER","AM","Moenchengladbach",28,1992,13,12,1064,11.8,4,8,2,1,0,3.5,2,3.1,2.88
"183",181,"Marco Höger","GER","DM","Koeln",31,1989,2,1,50,0.6,0,0,0,0,0,0,0,0,NA
"184",182,"Lucas Höler","GER","FW","Freiburg",26,1994,19,12,1154,12.8,2,2,0,3,0,4.5,4.5,1.9,3.66
"185",183,"Matthew Hoppe","USA","FW","Schalke",19,2001,9,7,604,6.7,5,0,0,2,0,2.4,2.4,0.3,NA
"186",184,"Jannes Horn","GER","WB","Koeln",23,1997,17,13,1145,12.7,0,0,0,4,0,0,0,1,4.11
"187",185,"Timo Horn","GER","GK","Koeln",27,1993,19,19,1659,18.4,0,0,0,0,0,0,0,0,3.08
"188",186,"Lukáš Hrádecký","FIN","GK","Leverkusen",31,1989,19,19,1710,19,0,0,0,1,0,0,0,0,2.89
"189",187,"Ajdin Hrustic","AUS","AM","Eintracht",24,1996,5,0,81,0.9,0,0,0,0,0,0,0,0.3,NA
"190",188,"Florian Hübner","GER","CB","Union",29,1991,5,5,435,4.8,0,0,0,2,0,0.1,0.1,0,NA
"191",189,"Mats Hummels","GER","CB","Dortmund",32,1988,19,19,1699,18.9,3,0,0,3,0,2.4,2.4,0.6,3.08
"192",190,"Klaas-Jan Huntelaar","NED","FW","Schalke",37,1983,1,0,11,0.1,0,0,0,1,0,0,0,0,NA
"193",191,"Iago","BRA","FB","Augsburg",23,1997,14,14,1208,13.4,1,1,0,2,0,0.8,0.8,0.8,3.57
"194",192,"Vedad Ibiševiæ","BIH","FW","Schalke",36,1984,4,1,156,1.7,0,0,0,1,0,0.5,0.5,0,NA
"195",193,"Stefan Ilsanker","AUT","DM","Eintracht",31,1989,15,9,828,9.2,1,0,0,3,0,0.5,0.5,0.1,NA
"196",194,"Marcus Ingvartsen","DEN","AM","Union",25,1996,15,13,1068,11.9,2,4,0,3,0,2.4,1.6,1,3.79
"197",195,"Ismail Jakobs","GER","WB","Koeln",21,1999,13,11,1005,11.2,0,0,0,3,0,1.6,1.6,0.8,4
"198",196,"Tony Jantschke","GER","CB","Moenchengladbach",30,1990,5,2,166,1.8,0,0,0,0,0,0.2,0.2,0,NA
"199",197,"Rune Jarstein","NOR","GK","Hertha",36,1984,1,1,90,1,0,0,0,0,0,0,0,0,NA
"200",198,"Tin Jedvaj","CRO","CB","Leverkusen",25,1995,1,0,17,0.2,0,0,0,0,0,0,0,0,NA
"201",199,"Fredrik Jensen","FIN","W","Augsburg",23,1997,8,1,235,2.6,0,0,0,0,0,0.1,0.1,0.5,NA
"202",200,"Marco John","GER","WB","Hoffenheim",18,2002,5,5,450,5,0,0,0,1,0,0.2,0.2,0.1,NA
"203",201,"Luka Joviæ","SRB","FW","Eintracht",23,1997,4,0,109,1.2,3,0,0,1,0,0.6,0.6,0.3,NA
"204",202,"Ozan Kabak","TUR","CB","Schalke",20,2000,14,14,1243,13.8,0,0,0,6,1,1,1,0.2,4.75
"205",203,"Pavel Kadeøábek","CZE","WB","Hoffenheim",28,1992,5,3,319,3.5,0,0,0,1,0,0.8,0.8,0.5,NA
"206",204,"Sasa Kalajdzic","AUT","FW","Stuttgart",23,1997,18,9,873,9.7,6,3,0,1,0,3.5,3.5,2.1,3.29
"207",205,"Daichi Kamada","JPN","AM","Eintracht",24,1996,18,15,1275,14.2,2,6,0,2,0,3,3,5.3,3.41
"208",206,"Marcin Kamiñski","POL","CB","Stuttgart",29,1992,3,1,123,1.4,0,0,0,0,0,0,0,0,NA
"209",207,"Kevin Kampl","SVN","CM","Leipzig",30,1990,16,15,1126,12.5,0,0,0,4,0,0.9,0.9,1.2,3.4
"210",208,"Atakan Karazor","GER","CB","Stuttgart",24,1996,7,4,389,4.3,0,0,0,1,0,0.1,0.1,0,NA
"211",209,"Loris Karius","GER","GK","Union",27,1993,1,0,22,0.2,0,0,0,0,0,0,0,0,NA
"212",210,"Noah Katterbach","GER","FB","Koeln",19,2001,11,6,573,6.4,0,0,0,0,0,0.1,0.1,0.4,NA
"213",211,"Yannik Keitel","GER","CM","Freiburg",20,2000,3,0,66,0.7,0,0,0,1,0,0.1,0.1,0,NA
"214",212,"Marc-Oliver Kempf","GER","CB","Stuttgart",26,1995,19,19,1634,18.2,2,0,0,2,0,1.1,1.1,0.4,3.32
"215",213,"Rani Khedira","GER","CM","Augsburg",27,1994,16,13,1001,11.1,0,0,0,4,0,0.6,0.6,0.1,3.96
"216",214,"Luca Kilian","GER","CB","Mainz",21,1999,6,4,381,4.2,0,0,0,1,0,0,0,0,NA
"217",215,"Joshua Kimmich","GER","CM","Bayern",25,1995,13,12,1007,11.2,2,10,0,3,0,1.7,1.7,4.4,2.54
"218",216,"Davy Klaassen","NED","CM","Werder",27,1993,3,3,222,2.5,0,0,0,1,0,0.1,0.1,0,NA
"219",217,"Felix Klaus","GER","W","Wolfsburg",28,1992,6,1,137,1.5,0,0,0,0,0,0,0,0,NA
"220",218,"Klauss","BRA","FW","Hoffenheim",23,1997,4,0,51,0.6,0,0,0,0,0,0.1,0.1,0.3,NA
"221",219,"Philipp Klement","GER","AM","Stuttgart",28,1992,13,0,217,2.4,0,2,0,0,0,0.2,0.2,1.1,NA
"222",220,"Mateo Klimowicz","ARG","AM","Stuttgart",20,2000,16,8,786,8.7,1,1,0,1,0,3.4,3.4,1,3.68
"223",221,"Fabian Klos","GER","FW","Arminia",33,1987,19,19,1630,18.1,3,2,0,2,0,3.8,3.8,2.6,4.21
"224",222,"Lukas Klostermann","GER","CB","Leipzig",24,1996,9,5,490,5.4,0,0,0,1,0,0.4,0.4,0.4,NA
"225",223,"Justin Kluivert","NED","W","Leipzig",21,1999,9,3,344,3.8,1,0,0,1,0,1.6,1.6,0.6,NA
"226",224,"Lukas Klünter","GER","FB","Hertha",24,1996,1,1,90,1,0,0,0,0,0,0,0,0,NA
"227",225,"Robin Knoche","GER","CB","Union",28,1992,19,19,1710,19,1,0,0,2,0,0.3,0.3,0,3.47
"228",226,"Gregor Kobel","SUI","GK","Stuttgart",23,1997,19,19,1710,19,0,0,0,0,0,0,0,0,2.89
"229",227,"Dominik Kohr","GER","CM","Eintracht",27,1994,7,2,260,2.9,0,0,0,1,0,0.5,0.5,0,NA
"230",227,"Dominik Kohr","GER","CM","Mainz",27,1994,3,2,197,2.2,0,0,0,1,0,0.1,0.1,0,NA
"231",228,"Sead Kolašinac","BIH","FB","Schalke",27,1993,4,4,341,3.8,0,0,0,0,0,0.2,0.2,0.2,NA
"232",229,"Ibrahima Konaté","FRA","CB","Leipzig",21,1999,6,4,376,4.2,1,0,0,0,0,0.4,0.4,0,NA
"233",230,"Filip Kostiæ","SRB","WB","Eintracht",28,1992,15,14,1185,13.2,1,4,0,1,0,2.2,2.2,2.7,3.08
"234",231,"Nianzou Kouassi","FRA","CB","Bayern",18,2002,1,0,22,0.2,0,0,0,0,0,0,0,0,NA
"235",232,"Andrej Kramariæ","CRO","FW","Hoffenheim",29,1991,15,15,1323,14.7,13,2,5,2,0,10.8,7,2.6,2.6
"236",233,"Christoph Kramer","GER","CM","Moenchengladbach",29,1991,18,16,1383,15.4,0,0,0,2,0,0.1,0.1,0.4,3.41
"237",234,"Max Kruse","GER","AM","Union",32,1988,10,8,723,8,6,5,3,0,0,3.8,0.7,2.6,NA
"238",235,"Lukas Kübler","GER","FB","Freiburg",28,1992,10,5,446,5,0,1,0,2,0,0.1,0.1,0.3,NA
"239",236,"Pierre Kunde","CMR","CM","Mainz",25,1995,11,6,513,5.7,0,0,0,1,0,0.1,0.1,0.9,NA
"240",237,"Fabian Kunze","GER","CM","Arminia",22,1998,14,7,740,8.2,0,0,0,3,0,0.4,0.4,0.1,NA
"241",238,"Ahmed Kutucu","TUR","FW","Schalke",20,2000,7,0,108,1.2,0,0,0,1,0,0.3,0.3,0,NA
"242",239,"Maxence Lacroix","FRA","CB","Wolfsburg",20,2000,17,16,1453,16.1,0,1,0,4,0,0.7,0.7,0.2,3
"243",240,"Stefan Lainer","AUT","FB","Moenchengladbach",28,1992,19,17,1523,16.9,1,0,0,2,0,0.9,0.9,1.1,3.24
"244",241,"Michael Langer","AUT","GK","Schalke",36,1985,1,1,90,1,0,0,0,0,0,0,0,0,NA
"245",242,"Danny Latza","GER","CM","Mainz",31,1989,16,14,1170,13,0,2,0,6,0,1.2,1.2,1.9,3.96
"246",243,"Valentino Lazaro","AUT","WB","Moenchengladbach",24,1996,8,3,379,4.2,1,0,0,2,0,0.1,0.1,0.2,NA
"247",244,"Mathew Leckie","AUS","W","Hertha",30,1991,10,1,188,2.1,0,1,0,0,0,0,0,0.5,NA
"248",245,"Christopher Lenz","GER","WB","Union",26,1994,18,18,1579,17.5,0,3,0,2,0,0.6,0.6,1.4,3.31
"249",246,"Robert Lewandowski","POL","FW","Bayern",32,1988,18,17,1501,16.7,24,6,5,2,0,15.3,11.5,2.6,2.53
"250",247,"Philipp Lienhart","AUT","CB","Freiburg",24,1996,19,19,1710,19,3,0,0,2,0,1.4,1.4,0.2,3.32
"251",248,"Dimitris Limnios","GRE","W","Koeln",22,1998,8,2,333,3.7,0,0,0,0,0,0.5,0.5,0.5,NA
"252",249,"Eduard Löwen","GER","DM","Hertha",24,1997,5,0,35,0.4,0,0,0,0,0,0,0,0,NA
"253",250,"Jan Luca Schuler","GER","FW","Schalke",21,1999,1,0,10,0.1,0,0,0,0,0,0.1,0.1,0,NA
"254",251,"Anderson Lucoqui","ANG","FB","Arminia",23,1997,12,9,819,9.1,0,0,0,2,0,0,0,0,NA
"255",252,"Kilian Ludewig","GER","FB","Schalke",20,2000,6,6,520,5.8,0,0,0,1,0,0,0,0.3,NA
"256",253,"Dodi Lukebakio","BEL","W","Hertha",23,1997,18,15,1298,14.4,3,3,0,1,0,4.1,4.1,1.5,3.97
"257",254,"Andreas Luthe","GER","GK","Union",33,1987,19,19,1688,18.8,0,0,0,1,0,0,0,0,3.16
"258",255,"Tim Maciejewski","GER","CM","Union",19,2001,1,0,8,0.1,0,0,0,0,0,0,0,0,NA
"259",256,"Arne Maier","GER","CM","Arminia",22,1999,5,2,108,1.2,0,0,0,0,0,0,0,0.1,NA
"260",256,"Arne Maier","GER","CM","Hertha",22,1999,2,0,30,0.3,0,0,0,0,0,0,0,0.2,NA
"261",257,"Yunus Malli","TUR","AM","Wolfsburg",28,1992,1,1,58,0.6,0,0,0,0,0,0,0,0.1,NA
"262",258,"Orel Mangala","BEL","CM","Stuttgart",22,1998,18,18,1616,18,1,3,0,3,0,1.2,1.2,1.5,3.28
"263",259,"Omar Marmoush","EGY","FW","Wolfsburg",21,1999,1,0,1,0,0,0,0,0,0,0,0,0,NA
"264",260,"Aarón Martín","ESP","FB","Mainz",23,1997,5,3,262,2.9,0,0,0,0,0,0,0,0.4,NA
"265",261,"Javi Martínez","ESP","DM","Bayern",32,1988,10,3,278,3.1,0,0,0,0,0,0.3,0.3,0.2,NA
"266",262,"Omar Mascarell","ESP","DM","Schalke",28,1993,15,14,1142,12.7,1,1,0,3,0,0.3,0.3,0.4,4.04
"267",263,"Roberto Massimo","GER","WB","Stuttgart",20,2000,10,1,301,3.3,0,0,0,1,0,1,1,0.9,NA
"268",264,"Jean-Philippe Mateta","FRA","FW","Mainz",23,1997,15,12,997,11.1,7,1,1,2,0,7.4,6.7,1.5,3.92
"269",265,"Rabbi Matondo"," WAL","W","Schalke",20,2000,3,3,220,2.4,0,0,0,0,0,0,0,0.1,NA
"270",266,"Konstantinos Mavropanos","GRE","CB","Stuttgart",23,1997,8,6,454,5,0,0,0,3,0,0.8,0.8,0.2,NA
"271",267,"Eric Maxim Choupo-Moting","CMR","FW","Bayern",31,1989,9,1,156,1.7,0,0,0,2,0,0.5,0.5,0.6,NA
"272",268,"Kevin Mbabu","SUI","FB","Wolfsburg",25,1995,8,5,522,5.8,0,1,0,1,0,0,0,0.4,NA
"273",269,"Jean-Manuel Mbom","GER","DM","Werder",20,2000,16,13,1031,11.5,0,1,0,7,0,0.4,0.4,0.4,4.11
"274",270,"Nathan de Medina","BEL","FB","Arminia",23,1997,7,6,422,4.7,0,1,0,3,0,0,0,0.1,NA
"275",271,"Joshua Mees","GER","W","Union",24,1996,1,0,5,0.1,0,0,0,0,0,0.1,0.1,0,NA
"276",272,"Admir Mehmedi","SUI","W","Wolfsburg",29,1991,12,6,583,6.5,0,2,0,0,0,0.6,0.6,1.4,NA
"277",273,"Hamza Mendyl","MAR","FB","Schalke",23,1997,3,1,95,1.1,0,0,0,1,0,0.1,0.1,0,NA
"278",274,"Jorge Meré","ESP","CB","Koeln",23,1997,7,5,503,5.6,0,0,0,1,0,0,0,0.1,NA
"279",275,"Thomas Meunier","BEL","WB","Dortmund",29,1991,14,14,1163,12.9,1,1,0,1,0,0.9,0.9,1.5,3.79
"280",276,"Max Meyer","GER","CM","Koeln",25,1995,1,0,1,0,0,0,0,0,0,0.2,0.2,0,NA
"281",277,"Maximilian Mittelstädt","GER","WB","Hertha",23,1997,16,11,977,10.9,0,2,0,2,0,0.3,0.3,1.8,4.25
"282",278,"Anthony Modeste","FRA","FW","Koeln",32,1988,8,1,221,2.5,0,0,0,1,0,1.8,1,0,NA
"283",279,"Kevin Möhwald","GER","CM","Werder",27,1993,13,7,735,8.2,3,0,0,2,1,0.5,0.5,0.3,3.35
"284",280,"Niklas Moisander","FIN","CB","Werder",35,1985,9,4,457,5.1,0,0,0,0,0,0,0,0,NA
"285",281,"Alkhaly Momo Cissé","GUI","CB","Stuttgart",18,2002,1,0,13,0.1,0,0,0,0,0,0,0,0,NA
"286",282,"Mateu Morey","ESP","FB","Dortmund",20,2000,7,5,449,5,0,0,0,1,0,0.1,0.1,0.3,NA
"287",283,"Youssoufa Moukoko","GER","FW","Dortmund",16,2004,9,2,300,3.3,1,0,0,0,0,2.1,2.1,0,NA
"288",284,"Nordi Mukiele","FRA","CB","Leipzig",23,1997,15,13,949,10.5,1,1,0,3,0,1.5,1.5,1.1,3.35
"289",285,"Florian Müller","GER","GK","Freiburg",23,1997,19,19,1710,19,0,0,0,0,0,0,0,0,2.84
"290",286,"Sebastian Müller","GER","FW","Arminia",20,2001,2,0,4,0,0,0,0,0,0,0,0,0,NA
"291",287,"Thomas Müller","GER","AM","Bayern",31,1989,19,19,1653,18.4,10,9,1,0,0,5.1,4.3,7,2.89
"292",288,"Jamal Musiala"," ENG","W","Bayern",17,2003,15,2,410,4.6,3,0,0,0,0,1.2,1.2,0.1,NA
"293",289,"Phillipp Mwene","AUT","FB","Mainz",27,1994,6,6,494,5.5,0,0,0,1,0,0.1,0.1,0,NA
"294",290,"Obite N'Dicka","FRA","CB","Eintracht",21,1999,10,10,900,10,0,1,0,4,0,0.3,0.3,0.3,3.1
"295",291,"Matija Nastasiæ","SRB","CB","Schalke",27,1993,14,13,1131,12.6,0,0,0,2,0,0.3,0.3,0,4.31
"296",292,"Paul Nebel","GER","W","Mainz",18,2002,4,0,51,0.6,0,0,0,0,0,0,0,0,NA
"297",293,"Luca Netz","GER","FB","Hertha",17,2003,6,2,195,2.2,0,0,0,0,0,0,0,0.1,NA
"298",294,"Manuel Neuer","GER","GK","Bayern",34,1986,19,19,1710,19,0,0,0,1,0,0,0,0,2.63
"299",295,"Florian Neuhaus","GER","CM","Moenchengladbach",23,1997,18,16,1363,15.1,3,4,0,7,0,1.4,1.4,1.3,3.08
"300",296,"Jessic Ngankam","GER","FW","Hertha",20,2000,11,0,123,1.4,1,0,0,1,0,0.2,0.2,0,NA
"301",297,"Moussa Niakhate","FRA","CB","Mainz",24,1996,17,17,1516,16.8,2,0,0,10,1,1.2,1.2,0.4,3.97
"302",298,"Florian Niederlechner","GER","FW","Augsburg",30,1990,17,13,1057,11.7,2,3,0,2,1,3.3,3.3,2,4.12
"303",299,"Joakim Nilsson","SWE","CB","Arminia",26,1994,10,9,812,9,0,0,0,1,0,0.1,0.1,0,NA
"304",300,"Christopher Nkunku","FRA","AM","Leipzig",23,1997,14,8,858,9.5,3,1,0,2,0,2.9,2.9,2.8,3.05
"305",301,"Havard Nordtveit","NOR","CB","Hoffenheim",30,1990,8,6,616,6.8,0,0,0,1,0,0.2,0.2,0.3,NA
"306",302,"Kasim Nuhu","GHA","CB","Hoffenheim",25,1995,9,8,717,8,0,0,0,0,0,0.5,0.5,0,NA
"307",303,"Bastian Oczipka","GER","CB","Schalke",32,1989,17,14,1301,14.5,0,1,0,1,0,0.2,0.2,1.3,4.86
"308",304,"Dani Olmo","ESP","W","Leipzig",22,1998,19,15,1304,14.5,2,5,0,1,0,3.3,3.3,2.5,3.25
"309",305,"Karim Onisiwo","AUT","W","Mainz",28,1992,18,8,912,10.1,1,0,0,2,0,1.9,1.9,0.7,4
"310",306,"Willi Orban","HUN","CB","Leipzig",28,1992,16,12,1193,13.3,2,0,0,3,0,1.5,1.5,0.3,3.04
"311",307,"Stefan Ortega","GER","GK","Arminia",28,1992,19,19,1710,19,0,1,0,1,0,0,0,0.4,2.89
"312",308,"Yuya Osako","JPN","FW","Werder",30,1990,14,6,541,6,0,1,0,3,0,0.4,0.4,1.2,NA
"313",309,"Paulo Otávio","BRA","FB","Wolfsburg",26,1994,13,9,847,9.4,0,0,0,3,0,0.2,0.2,0.5,NA
"314",310,"Reece Oxford"," ENG","CB","Augsburg",22,1998,12,7,676,7.5,0,0,0,1,0,0.3,0.3,0.1,NA
"315",311,"Salih Özcan","GER","CM","Koeln",23,1998,17,10,891,9.9,0,1,0,2,0,0.2,0.2,0.5,3.95
"316",312,"Levin Öztunali","GER","WB","Mainz",24,1996,13,7,682,7.6,1,2,0,0,0,0.6,0.6,0.9,NA
"317",313,"Gonçalo Paciencia","POR","FW","Schalke",26,1994,8,7,558,6.2,1,0,0,2,0,1.2,1.2,0.3,NA
"318",314,"Exequiel Palacios","ARG","CM","Leverkusen",22,1998,3,1,87,1,0,0,0,0,0,0.1,0.1,0.1,NA
"319",315,"Matondo-Merveille Papela","GER","CB","Mainz",20,2001,1,0,2,0,0,0,0,0,0,0,0,0,NA
"320",316,"Felix Passlack","GER","FB","Dortmund",22,1998,6,3,346,3.8,1,0,0,0,0,0.9,0.9,0.2,NA
"321",317,"Benjamin Pavard","FRA","FB","Bayern",24,1996,14,13,1117,12.4,0,0,0,2,0,0.3,0.3,0.4,4.27
"322",318,"Jiøí Pavlenka","CZE","GK","Werder",28,1992,19,19,1710,19,0,0,0,2,0,0,0,0,3.21
"323",319,"Mads Pedersen","DEN","FB","Augsburg",24,1996,4,2,219,2.4,0,0,0,0,0,0,0,0.4,NA
"324",320,"Peter Pekarík","SVK","FB","Hertha",34,1986,18,17,1254,13.9,2,1,0,3,0,1.1,1.1,0.9,3.38
"325",321,"Philipp Pentke","GER","GK","Hoffenheim",35,1985,1,1,90,1,0,0,0,0,0,0,0,0,NA
"326",322,"Pavao Pervan","AUT","GK","Wolfsburg",33,1987,1,1,90,1,0,0,0,0,0,0,0,0,NA
"327",323,"Nils Petersen","GER","FW","Freiburg",32,1988,19,8,884,9.8,7,0,1,0,0,5.4,4.7,1.3,3.68
"328",324,"Maximilian Philipp","GER","AM","Wolfsburg",26,1994,11,7,558,6.2,1,2,0,2,0,1.1,1.1,0.5,NA
"329",325,"Krzysztof Pi¹tek","POL","FW","Hertha",25,1995,19,10,956,10.6,5,1,0,3,0,3.7,3,1,3.96
"330",326,"Amos Pieper","GER","CB","Arminia",23,1998,16,16,1422,15.8,0,0,0,1,0,0.1,0.1,0.3,3.62
"331",327,"£ukasz Piszczek","POL","FB","Dortmund",35,1985,5,1,59,0.7,0,0,0,0,0,0,0,0,NA
"332",328,"Marvin Plattenhardt","GER","FB","Hertha",29,1992,11,9,741,8.2,0,0,0,1,0,0.1,0.1,0.5,NA
"333",329,"Alassane Pléa","FRA","FW","Moenchengladbach",27,1993,15,9,873,9.7,3,1,0,1,0,2.7,2.7,1.1,3.41
"334",330,"Joel Pohjanpalo","FIN","FW","Leverkusen",26,1994,1,0,6,0.1,0,0,0,0,0,0,0,0,NA
"335",330,"Joel Pohjanpalo","FIN","FW","Union",26,1994,6,3,261,2.9,2,0,0,0,0,2.8,2.8,0,NA
"336",331,"Marin Pongraèiæ","CRO","CB","Wolfsburg",23,1997,5,4,273,3,0,0,0,0,0,0,0,0,NA
"337",332,"Stefan Posch","AUT","CB","Hoffenheim",23,1997,15,15,1257,14,0,0,0,8,1,0.6,0.6,0.5,3.63
"338",333,"Yussuf Poulsen","DEN","FW","Leipzig",26,1994,16,8,758,8.4,4,2,0,1,0,3.3,3.3,1.3,NA
"339",334,"Manuel Prietl","AUT","DM","Arminia",29,1991,13,13,1167,13,1,0,0,1,0,0.4,0.4,0,3.65
"340",335,"Grischa Prömel","GER","CM","Union",26,1995,13,12,1067,11.9,1,1,0,5,0,0.6,0.6,0.5,3.27
"341",336,"Robin Quaison","SWE","W","Mainz",27,1993,19,15,1172,13,2,1,0,1,0,2.7,2.7,1.8,4.23
"342",337,"Benito Raman","BEL","W","Schalke",26,1994,16,10,889,9.9,2,0,0,2,0,2.1,2,1.3,4.32
"343",338,"Milot Rashica","KVX","W","Werder",24,1996,9,3,381,4.2,0,1,0,0,0,0.8,0.8,0.6,NA
"344",339,"Daishawn Redan","NED","W","Hertha",20,2001,6,0,70,0.8,0,0,0,0,0,0,0,0,NA
"345",340,"Reinier","BRA","AM","Dortmund",19,2002,4,0,74,0.8,0,0,0,0,0,0.1,0.1,0,NA
"346",341,"Rocco Reitz","GER","CM","Moenchengladbach",18,2002,1,1,59,0.7,0,0,0,0,0,0,0,0.1,NA
"347",342,"Marco Reus","GER","W","Dortmund",31,1989,18,14,1235,13.7,3,4,0,1,0,5.6,3.9,5.9,3.5
"348",343,"Elvis Rexhbeçaj","GER","CM","Koeln",23,1997,18,12,1115,12.4,3,2,0,2,0,1.1,1.1,1.7,4.12
"349",344,"Gio Reyna","USA","AM","Dortmund",18,2002,18,13,1193,13.3,3,4,0,1,0,2.1,2.1,2.7,3.15
"350",345,"Chris Richards","USA","CB","Bayern",20,2000,3,1,89,1,0,1,0,0,0,0,0,0.3,NA
"351",346,"Marco Richter","GER","W","Augsburg",23,1997,14,7,672,7.5,2,0,0,3,1,2.4,2.4,0.4,NA
"352",347,"Marc Roca","ESP","CM","Bayern",24,1996,3,1,90,1,0,0,0,1,0,0.1,0.1,0,NA
"353",348,"Sebastian Rode","GER","DM","Eintracht",30,1990,14,10,874,9.7,1,0,0,5,0,0.1,0.1,1,3.15
"354",349,"Jérôme Roussillon","FRA","FB","Wolfsburg",28,1993,12,11,928,10.3,0,1,0,0,0,0.4,0.4,1.3,3.5
"355",350,"Sebastian Rudy","GER","DM","Schalke",30,1990,2,2,180,2,0,0,0,0,0,0,0,0.1,3.54
"356",350,"Sebastian Rudy","GER","DM","Hoffenheim",30,1990,14,12,968,10.8,1,1,0,2,0,0.4,0.4,1,3.54
"357",351,"Julian Ryerson","NOR","FB","Union",23,1997,14,4,481,5.3,0,0,0,1,0,0.1,0.1,0.4,NA
"358",352,"Frederik Ronnow","DEN","GK","Schalke",28,1992,7,6,585,6.5,0,0,0,0,0,0,0,0,NA
"359",353,"Joao Victor Santos Sá","BRA","W","Wolfsburg",26,1994,11,2,259,2.9,0,1,0,0,0,0.4,0.4,0.8,NA
"360",354,"Marcel Sabitzer","AUT","CM","Leipzig",26,1994,15,13,1083,12,3,1,3,2,0,3.4,1.1,1,2.96
"361",355,"Roland Sallai","HUN","W","Freiburg",23,1997,16,13,957,10.6,5,1,0,2,0,3.8,3.8,0.5,3.38
"362",356,"Lazar Samardzic","GER","W","Leipzig",18,2002,5,2,178,2,0,1,0,0,0,0,0,0.5,NA
"363",357,"Diadie Samassékou","MLI","CM","Hoffenheim",25,1996,17,17,1428,15.9,0,1,0,0,0,0.4,0.4,0.6,3.29
"364",358,"Jadon Sancho"," ENG","W","Dortmund",20,2000,17,17,1410,15.7,3,7,0,0,0,4.5,4.5,4.3,3.56
"365",359,"Leroy Sané","GER","W","Bayern",25,1996,17,8,868,9.6,4,5,0,1,0,2.6,2.6,3.7,3.85
"366",360,"Salif Sané","SEN","CB","Schalke",30,1990,9,8,765,8.5,0,0,0,4,0,0.4,0.4,0.3,NA
"367",361,"Baptiste Santamaria","FRA","CM","Freiburg",25,1995,16,16,1267,14.1,1,1,0,2,0,1.5,1.5,0.6,3.37
"368",362,"Josh Sargent","USA","FW","Werder",20,2000,18,17,1461,16.2,2,2,0,3,0,2.7,2.7,1.6,4.06
"369",363,"Bouna Sarr","GUI","CB","Bayern",29,1992,3,3,270,3,0,1,0,0,0,0.1,0.1,0.1,NA
"370",364,"Patrik Schick","CZE","FB","Leverkusen",25,1996,14,10,853,9.5,5,1,0,1,0,3.9,3.9,0.7,3.55
"371",365,"Sven Schipplock","GER","FW","Arminia",32,1988,19,5,611,6.8,1,0,0,3,0,0.8,0.8,0.9,NA
"372",366,"Xaver Schlager","AUT","CM","Wolfsburg",23,1997,18,16,1451,16.1,1,1,0,4,0,1.4,1.4,2.1,3.31
"373",367,"Keven Schlotterbeck","GER","CB","Freiburg",23,1997,12,11,1026,11.4,0,0,0,1,0,0.4,0.4,0.2,3.42
"374",368,"Nico Schlotterbeck","GER","CB","Union",21,1999,4,4,336,3.7,1,0,0,1,0,0.4,0.4,0,NA
"375",369,"Jonathan Schmid","FRA","WB","Freiburg",30,1990,16,15,1260,14,0,2,0,2,0,0.7,0.7,1.3,3.6
"376",370,"Romano Schmid","AUT","W","Werder",21,2000,10,6,476,5.3,0,1,0,1,0,0.2,0.2,0.4,NA
"377",371,"Benno Schmitz","GER","FB","Koeln",26,1994,5,1,109,1.2,0,0,0,0,0,0,0,0,NA
"378",372,"Alessandro Schöpf","AUT","W","Schalke",26,1994,13,7,655,7.3,0,0,0,0,0,0.2,0.2,0,3.17
"379",373,"Nico Schulz","GER","WB","Dortmund",27,1993,6,1,144,1.6,0,0,0,0,0,0.1,0.1,0,NA
"380",374,"Alexander Schwolow","GER","GK","Hertha",28,1992,18,18,1620,18,0,0,0,0,0,0,0,0,NA
"381",375,"Davie Selke","GER","FW","Werder",26,1995,11,3,370,4.1,3,0,1,4,0,1.7,1,0.2,NA
"382",376,"Suat Serdar","GER","CM","Schalke",23,1997,13,13,1026,11.4,0,2,0,2,0,1,1,0.8,4.09
"383",377,"Ryan Sessegnon"," ENG","WB","Hoffenheim",20,2000,11,9,826,9.2,2,2,0,2,0,0.4,0.4,0.8,NA
"384",378,"Nils Seufert","GER","CM","Arminia",24,1997,11,2,298,3.3,0,1,0,1,0,0,0,0.3,NA
"385",379,"André Silva","POR","FW","Eintracht",25,1995,18,18,1538,17.1,16,2,6,0,0,14.1,9.6,3.3,2.75
"386",380,"Jóan Símun Edmundsson","FRO","W","Arminia",29,1991,5,0,58,0.6,1,0,0,0,0,0.5,0.5,0,NA
"387",381,"Daley Sinkgraven","NED","FB","Leverkusen",25,1995,17,15,1229,13.7,0,0,0,3,0,0.4,0.4,0.4,3.63
"388",382,"Tobias Sippel","GER","GK","Moenchengladbach",32,1988,1,1,90,1,0,0,0,0,0,0,0,0,NA
"389",383,"Ellyes Skhiri","TUN","DM","Koeln",25,1995,18,18,1552,17.2,3,1,0,3,0,2,2,0.5,3.86
"390",384,"Robert Skov","DEN","WB","Hoffenheim",24,1996,11,5,637,7.1,0,0,0,0,1,1,1,1,NA
"391",385,"Steven Skrzybski","GER","W","Schalke",28,1992,9,3,369,4.1,0,0,0,2,0,1.3,0.5,0.1,NA
"392",386,"Yann Sommer","SUI","GK","Moenchengladbach",32,1988,18,18,1620,18,0,0,0,1,0,0,0,0,2.97
"393",387,"Borna Sosa","CRO","WB","Stuttgart",23,1998,15,14,1128,12.5,0,4,0,1,0,0.4,0.4,3.2,3.2
"394",388,"Cebio Soukou","BEN","W","Arminia",28,1992,11,5,423,4.7,1,0,0,2,0,0.7,0.7,0.1,NA
"395",389,"Djibril Sow","SUI","CM","Eintracht",23,1997,15,12,1091,12.1,0,2,0,4,0,0.4,0.4,1.1,3.08
"396",390,"Jerry St. Juste","NED","CB","Mainz",24,1996,17,17,1530,17,0,0,0,3,0,0.8,0.8,0.2,3.79
"397",391,"Benjamin Stambouli","FRA","DM","Schalke",30,1990,14,14,1170,13,0,1,0,4,0,0,0,0.4,4.64
"398",392,"Niklas Stark","GER","DM","Hertha",25,1995,19,19,1700,18.9,0,0,0,1,0,0.7,0.7,0.1,3.5
"399",393,"Renato Steffen","SUI","W","Wolfsburg",29,1991,16,14,1182,13.1,3,4,0,2,0,3.2,3.2,2,3.47
"400",394,"Pascal Stenzel","GER","CM","Stuttgart",24,1996,15,12,1027,11.4,0,0,0,3,1,0,0,0.2,NA
"401",395,"Lars Stindl","GER","FW","Moenchengladbach",32,1988,19,14,1175,13.1,9,4,5,3,0,6.7,2.9,4.4,2.83
"402",396,"Kevin Stöger","AUT","CM","Mainz",27,1993,11,3,360,4,1,0,0,2,0,1,1,0.8,NA
"403",397,"Tobias Strobl","GER","DM","Augsburg",30,1990,18,12,1093,12.1,0,0,0,2,0,0.3,0.3,0.8,3.77
"404",398,"Marek Suchý","CZE","CB","Augsburg",32,1988,2,1,91,1,0,0,0,0,0,0,0,0,NA
"405",399,"Niklas Süle","GER","CB","Bayern",25,1995,12,8,804,8.9,1,0,0,1,0,0.7,0.7,0.1,3.35
"406",400,"Ádám Szalai","HUN","FW","Mainz",33,1987,6,0,78,0.9,0,0,0,0,0,0,0,0,NA
"407",401,"Frederik Sorensen","DEN","CB","Koeln",28,1992,3,1,99,1.1,0,0,0,2,0,0,0,0.1,NA
"408",402,"Alexander Sorloth","NOR","FW","Leipzig",25,1995,17,7,816,9.1,1,1,0,2,0,3.2,2.4,1,NA
"409",403,"Jonathan Tah","GER","CB","Leverkusen",24,1996,14,12,1122,12.5,1,0,0,2,0,0.2,0.2,0,3.19
"410",404,"Edmond Tapsoba","BFA","CB","Leverkusen",22,1999,17,15,1392,15.5,0,0,0,0,0,0.6,0.6,0.1,2.8
"411",405,"Niklas Tauer","GER","DM","Mainz",19,2001,4,0,58,0.6,0,0,0,0,0,0,0,0,NA
"412",406,"Lino Tempelmann","GER","DM","Freiburg",22,1999,8,2,231,2.6,0,0,0,2,0,0.1,0.1,0,NA
"413",407,"Cedric Teuchert","GER","W","Union",24,1997,15,4,525,5.8,3,1,0,0,0,2.8,2.8,0.9,NA
"414",408,"Malick Thiaw","FIN","CB","Schalke",19,2001,8,5,540,6,1,0,0,2,0,0.3,0.3,0.1,NA
"415",409,"Jan Thielmann","GER","FW","Koeln",18,2002,16,8,757,8.4,2,2,0,0,0,0.9,0.9,0.3,4
"416",410,"Erik Thommy","GER","W","Stuttgart",26,1994,1,0,7,0.1,0,0,0,0,0,0,0,0,NA
"417",411,"Marcus Thuram","FRA","W","Moenchengladbach",23,1997,15,8,808,9,3,1,0,3,1,3.2,3.2,0.4,3.7
"418",412,"Steffen Tigges","GER","FW","Dortmund",22,1998,4,0,22,0.2,0,0,0,0,0,0.1,0.1,0,NA
"419",413,"Guus Til","NED","CM","Freiburg",23,1997,3,0,22,0.2,0,0,0,0,0,0,0,0,NA
"420",414,"Corentin Tolisso","FRA","CM","Bayern",26,1994,12,6,625,6.9,0,0,0,0,1,2,2,0.4,NA
"421",415,"Ömer Toprak","TUR","CB","Werder",31,1989,15,13,1042,11.6,2,0,0,0,0,0.8,0.8,0,3.15
"422",416,"Jordan Torunarigha","GER","CB","Hertha",23,1997,7,7,630,7,0,0,0,2,0,0,0,0.4,NA
"423",417,"Almamy Touré","MLI","CB","Eintracht",24,1996,12,7,567,6.3,0,1,0,1,0,0.6,0.6,1.2,NA
"424",418,"Lucas Tousart","FRA","CM","Hertha",23,1997,15,14,1149,12.8,0,0,0,4,0,1,1,0.2,3.96
"425",419,"Ibrahima Traoré","GUI","W","Moenchengladbach",32,1988,5,1,84,0.9,0,0,0,0,0,0,0,0.2,NA
"426",420,"Kevin Trapp","GER","GK","Eintracht",30,1990,19,19,1710,19,0,0,0,0,0,0,0,0,3
"427",421,"Christopher Trimmel","AUT","WB","Union",33,1987,16,16,1357,15.1,0,6,0,5,0,0.1,0.1,2.3,3.41
"428",422,"Tuta","BRA","CB","Eintracht",21,1999,6,5,478,5.3,0,0,0,2,0,0,0,0,NA
"429",423,"Dayot Upamecano","FRA","CB","Leipzig",22,1998,18,18,1510,16.8,1,0,0,3,0,0.5,0.5,0.1,3.03
"430",424,"Mark Uth","GER","AM","Schalke",29,1991,15,15,1254,13.9,2,1,0,4,0,2,2,1,4.14
"431",425,"Ruben Vargas","SUI","W","Augsburg",22,1998,17,11,1044,11.6,3,2,0,2,0,1.5,1.5,1.5,3.89
"432",426,"Miloš Veljkoviæ","SRB","CB","Werder",25,1995,12,10,946,10.5,0,0,0,0,0,0.3,0.3,0,3.55
"433",427,"Andreas Voglsammer","GER","W","Arminia",29,1992,3,0,50,0.6,0,0,0,0,0,0,0,0,NA
"434",428,"Kevin Vogt","GER","CB","Hoffenheim",29,1991,16,15,1307,14.5,0,1,0,4,0,0,0,0.6,3.47
"435",429,"Silas Wamangituka","COD","WB","Stuttgart",21,1999,18,17,1382,15.4,11,3,3,5,0,6.8,4.5,3.4,2.79
"436",430,"Wout Weghorst","NED","FW","Wolfsburg",28,1992,19,18,1615,17.9,13,1,2,3,0,11.5,9.4,2.3,3.14
"437",431,"Mitchell Weiser","GER","FB","Leverkusen",26,1994,5,2,226,2.5,1,0,0,0,0,0.1,0.1,0,NA
"438",432,"Wendell","BRA","FB","Leverkusen",27,1993,8,4,442,4.9,0,0,0,0,0,0,0,0,NA
"439",433,"Oscar Wendt","SWE","FB","Moenchengladbach",35,1985,13,10,874,9.7,1,0,0,3,0,0.6,0.6,0.8,NA
"440",434,"William","BRA","WB","Wolfsburg",25,1995,2,0,2,0,0,0,0,0,0,0,0,0,NA
"441",434,"William","BRA","WB","Schalke",25,1995,1,0,21,0.2,0,0,0,0,0,0,0,0,NA
"442",435,"Florian Wirtz","GER","AM","Leverkusen",17,2003,16,15,1319,14.7,3,5,0,1,0,2.6,2.6,2.4,3
"443",436,"Axel Witsel","BEL","CM","Dortmund",32,1989,15,13,1130,12.6,0,0,0,4,0,1,1,0.6,3.5
"444",437,"Hannes Wolf","AUT","W","Moenchengladbach",21,1999,19,8,808,9,2,0,0,0,0,1.1,1.1,1.3,NA
"445",438,"Marius Wolf","GER","WB","Koeln",25,1995,17,16,1463,16.3,2,1,0,2,0,2.1,2.1,1.4,3.71
"446",439,"Nick Woltemade","GER","FW","Werder",18,2002,6,1,147,1.6,0,1,0,1,0,0.6,0.6,0.3,NA
"447",440,"Jeong Woo-yeong","KOR","W","Freiburg",21,1999,14,3,442,4.9,2,0,0,0,0,1.4,1.4,0.8,NA
"448",441,"Joscha Wosz","GER","W","Leipzig",18,2002,2,0,34,0.4,0,0,0,0,0,0,0,0,NA
"449",442,"Reinhold Yabo","GER","W","Arminia",28,1992,13,8,647,7.2,1,0,0,1,0,0.6,0.6,0,4.4
"450",443,"Amin Younes","GER","AM","Eintracht",27,1993,13,8,732,8.1,2,1,0,2,0,2.3,2.3,1,2.91
"451",444,"Dan-Axel Zagadou","FRA","CB","Dortmund",21,1999,6,2,168,1.9,0,0,0,0,0,0,0,0,NA
"452",445,"Denis Zakaria","SUI","DM","Moenchengladbach",24,1996,12,7,626,7,1,0,0,3,0,0.5,0.5,0.3,NA
"453",446,"Deyovaisio Zeefuik","NED","FB","Hertha",22,1998,12,2,352,3.9,0,0,0,2,1,0,0,0.2,NA
"454",447,"Robin Zentner","GER","GK","Mainz",26,1994,18,18,1620,18,0,0,0,1,0,0.1,0.1,0,3.03
"455",448,"Ron-Robert Zieler","GER","GK","Koeln",31,1989,1,0,51,0.6,0,0,0,0,0,0,0,0,NA
"456",449,"Joshua Zirkzee","NED","FW","Bayern",19,2001,3,1,92,1,0,0,0,0,0,0.4,0.4,0.2,NA
"457",450,"Steven Zuber","SUI","WB","Eintracht",29,1991,9,5,450,5,0,1,0,1,0,0.2,0.2,0.6,NA
